t,i,m,e,s,t,a,m,p,(,u,t,c,)
1537963654000228
1537963654200228
1537963654400228
1537963654600228
1537963654800228
1537963655000228
1537963655200228
1537963655400228
1537963655600228
1537963655800228
1537963656000228
1537963656200228
1537963656400228
1537963656600228
1537963656800227
1537963657000227
1537963657200227
1537963657400227
1537963657600227
1537963657800227
1537963658000227
1537963658200227
1537963658400227
1537963658600227
1537963658800227
1537963659000227
1537963659200227
1537963659400227
1537963659600227
1537963659800227
1537963660000227
1537963660200227
1537963660400227
1537963660600227
1537963660800227
1537963661000227
1537963661200227
1537963661400227
1537963661600226
1537963661800226
1537963662000226
1537963662200226
1537963662400226
1537963662600226
1537963662800226
1537963663000226
1537963663200226
1537963663400226
1537963663600226
1537963663800226
1537963664000226
1537963664200226
1537963664400226
1537963664600226
1537963664800226
1537963665000226
1537963665200226
1537963665400226
1537963665600226
1537963665800226
1537963666000226
1537963666200226
1537963666400226
1537963666600225
1537963666800225
1537963667000225
1537963667200225
1537963667400225
1537963667600225
1537963667800225
1537963668000225
1537963668200225
1537963668400225
1537963668600225
1537963668800225
1537963669000225
1537963669200225
1537963669400225
1537963669600225
1537963669800225
1537963670000225
1537963670200225
1537963670400225
1537963670600225
1537963670800225
1537963671000225
1537963671200225
1537963671400224
1537963671600224
1537963671800224
1537963672000224
1537963672200224
1537963672400224
1537963672600224
1537963672800224
1537963673000224
1537963673200224
1537963673400224
1537963673600224
1537963673800224
1537963674000224
1537963674200224
1537963674400224
1537963674600224
1537963674800224
1537963675000224
1537963675200224
1537963675400224
1537963675600224
1537963675800224
1537963676000224
1537963676200224
1537963676400223
1537963676600223
1537963676800223
1537963677000223
1537963677200223
1537963677400223
1537963677600223
1537963677800223
1537963678000223
1537963678200223
1537963678400223
1537963678600223
1537963678800223
1537963679000223
1537963679200223
1537963679400223
1537963679600223
1537963679800223
1537963680000223
1537963680200223
1537963680400223
1537963680600223
1537963680800223
1537963681000223
1537963681200222
1537963681400222
1537963681600222
1537963681800222
1537963682000222
1537963682200222
1537963682400222
1537963682600222
1537963682800222
1537963683000222
1537963683200222
1537963683400222
1537963683600222
1537963683800222
1537963684000222
1537963684200222
1537963684400222
1537963684600222
1537963684800222
1537963685000222
1537963685200222
1537963685400222
1537963685600222
1537963685800222
1537963686000221
1537963686200221
1537963686400221
1537963686600221
1537963686800221
1537963687000221
1537963687200221
1537963687400221
1537963687600221
1537963687800221
1537963688000221
1537963688200221
1537963688400221
1537963688600221
1537963688800221
1537963689000221
1537963689200221
1537963689400221
1537963689600221
1537963689800221
1537963690000221
1537963690200221
1537963690400221
1537963690600221
1537963690800220
1537963691000220
1537963691200220
1537963691400220
1537963691600220
1537963691800220
1537963692000220
1537963692200220
1537963692400220
1537963692600220
1537963692800220
1537963693000220
1537963693200220
1537963693400220
1537963693600220
1537963693800220
1537963694000220
1537963694200220
1537963694400220
1537963694600220
1537963694800220
1537963695000220
1537963695200220
1537963695400220
1537963695600219
1537963695800219
1537963696000219
1537963696200219
1537963696400219
1537963696600219
1537963696800219
1537963697000219
1537963697200219
1537963697400219
1537963697600219
1537963697800219
1537963698000219
1537963698200219
1537963698400219
1537963698600219
1537963698800219
1537963699000219
1537963699200219
1537963699400219
1537963699600219
1537963699800219
1537963700000219
1537963700200219
1537963700400218
1537963700600218
1537963700800218
1537963701000218
1537963701200218
1537963701400218
1537963701600218
1537963701800218
1537963702000218
1537963702200218
1537963702400218
1537963702600218
1537963702800218
1537963703000218
1537963703200218
1537963703400218
1537963703600218
1537963703800218
1537963704000218
1537963704200218
1537963704400218
1537963704600218
1537963704800218
1537963705000217
1537963705200217
1537963705400217
1537963705600217
1537963705800217
1537963706000217
1537963706200217
1537963706400217
1537963706600217
1537963707800217
1537963708000217
1537963708200217
1537963708400217
1537963708600217
1537963708800217
1537963709000217
1537963709200217
1537963709400217
1537963709600217
1537963709800216
1537963710000216
1537963710200216
1537963710400216
1537963710600216
1537963710800216
1537963711000216
1537963711200216
1537963711400216
1537963711600216
1537963711800216
1537963712000216
1537963712200216
1537963712400216
1537963712600216
1537963712800216
1537963713000216
1537963713200216
1537963713400216
1537963713600216
1537963713800216
1537963714000216
1537963714200216
1537963714400215
1537963714600215
1537963714800215
1537963715000215
1537963715200215
1537963715400215
1537963715600215
1537963715800215
1537963716000215
1537963716200215
1537963716400215
1537963716600215
1537963716800215
1537963717000215
1537963717200215
1537963717400215
1537963717600215
1537963717800215
1537963718000215
1537963718200215
1537963718400215
1537963718600215
1537963718800215
1537963719000215
1537963719200214
1537963719400214
1537963719600214
1537963719800214
1537963720000214
1537963720200214
1537963720400214
1537963720600214
1537963720800214
1537963721000214
1537963721200214
1537963721400214
1537963721600214
1537963721800214
1537963722000214
1537963722200214
1537963722400214
1537963722600214
1537963722800214
1537963723000214
1537963723200214
1537963723400214
1537963723600214
1537963723800213
1537963724000213
1537963724200213
1537963724400213
1537963724600213
1537963724800213
1537963725000213
1537963725200213
1537963725400213
1537963725600213
1537963725800213
1537963726000213
1537963726200213
1537963726400213
1537963726600213
1537963726800213
1537963727000213
1537963727200213
1537963727400213
1537963727600213
1537963727800213
1537963728000213
1537963728200213
1537963728400212
1537963728600212
1537963728800212
1537963729000212
1537963729200212
1537963729400212
1537963729600212
1537963729800212
1537963730000212
1537963730200212
1537963730400212
1537963730600212
1537963730800212
1537963731000212
1537963731200212
1537963731400212
1537963731600212
1537963731800212
1537963732000212
1537963732200212
1537963732400212
1537963732600212
1537963732800212
1537963733000211
1537963733200211
1537963733400211
1537963733600211
1537963733800211
1537963734000211
1537963734200211
1537963734400211
1537963734600211
1537963734800211
1537963735000211
1537963735200211
1537963735400211
1537963735600211
1537963735800211
1537963736000211
1537963736200211
1537963736400211
1537963736600211
1537963736800211
1537963737000211
1537963737200211
1537963737400211
1537963737600210
1537963737800210
1537963738000210
1537963738200210
1537963738400210
1537963738600210
1537963738800210
1537963739000210
1537963739200210
1537963739400210
1537963739600210
1537963739800210
1537963740000210
1537963740200210
1537963740400210
1537963740600210
1537963740800210
1537963741000210
1537963741200210
1537963741400210
1537963741600210
1537963741800210
1537963742000210
1537963742200209
1537963742400209
1537963742600209
1537963742800209
1537963743000209
1537963743200209
1537963743400209
1537963743600209
1537963743800209
1537963744000209
1537963744200209
1537963744400209
1537963744600209
1537963744800209
1537963745000209
1537963745200209
1537963745400209
1537963745600209
1537963745800209
1537963746000209
1537963746200209
1537963746400209
1537963746600209
1537963746800208
1537963747000208
1537963747200208
1537963747400208
1537963747600208
1537963747800208
1537963748000208
1537963748200208
1537963748400208
1537963748600208
1537963748800208
1537963749000208
1537963749200208
1537963749400208
1537963749600208
1537963749800208
1537963750000208
1537963750200208
1537963750400208
1537963750600208
1537963750800208
1537963751000208
1537963751200208
1537963751400207
1537963751600207
1537963751800207
1537963752000207
1537963752200207
1537963752400207
1537963752600207
1537963752800207
1537963753000207
1537963753200207
1537963753400207
1537963753600207
1537963753800207
1537963754000207
1537963754200207
1537963754400207
1537963754600207
1537963754800207
1537963755000207
1537963755200207
1537963755400207
1537963755600207
1537963755800207
1537963756000206
1537963756200206
1537963756400206
1537963756600206
1537963756800206
1537963757000206
1537963757200206
1537963757400206
1537963757600206
1537963757800206
1537963758000206
1537963758200206
1537963758400206
1537963758600206
1537963758800206
1537963759000206
1537963759200206
1537963759400206
1537963759600206
1537963759800206
1537963760000206
1537963760200206
1537963760400206
1537963760600205
1537963760800205
1537963761000205
1537963761200205
1537963761400205
1537963761600205
1537963761800205
1537963762000205
1537963762200205
1537963762400205
1537963762600205
1537963762800205
1537963763000205
1537963763200205
1537963763400205
1537963763600205
1537963763800205
1537963764000205
1537963764200205
1537963764400205
1537963764600205
1537963764800205
1537963765000204
1537963765200204
1537963765400204
1537963765600204
1537963765800204
1537963766000204
1537963766200204
1537963766400204
1537963766600204
1537963766800204
1537963767000204
1537963767200204
1537963767400204
1537963767600204
1537963767800204
1537963768000204
1537963768200204
1537963768400204
1537963768600204
1537963768800204
1537963769000204
1537963769200204
1537963769400204
1537963769600203
1537963769800203
1537963770000203
1537963770200203
1537963770400203
1537963770600203
1537963770800203
1537963771000203
1537963771200203
1537963771400203
1537963771600203
1537963771800203
1537963772000203
1537963772200203
1537963772400203
1537963772600203
1537963772800203
1537963773000203
1537963773200203
1537963773400203
1537963773600203
1537963773800203
1537963774000202
1537963774200202
1537963774400202
1537963774600202
1537963774800202
1537963775000202
1537963775200202
1537963775400202
1537963775600202
1537963775800202
1537963776000202
1537963776200202
1537963776400202
1537963776600202
1537963776800202
1537963777000202
1537963777200202
1537963777400202
1537963777600202
1537963777800202
1537963778000202
1537963778200202
1537963778400202
1537963778600201
1537963778800201
1537963779000201
1537963779200201
1537963779400201
1537963779600201
1537963779800201
1537963780000201
1537963780200201
1537963780400201
1537963780600201
1537963780800201
1537963781000201
1537963781200201
1537963781400201
1537963781600201
1537963781800201
1537963782000201
1537963782200201
1537963782400201
1537963782600201
1537963782800201
1537963783000200
1537963783200200
1537963783600200
1537963783800200
1537963784000200
1537963784200200
1537963784400200
1537963784600200
1537963784800200
1537963785000200
1537963785200200
1537963785400200
1537963785600200
1537963785800200
1537963786000200
1537963786200200
1537963786400200
1537963786600200
1537963786800200
1537963787000200
1537963787200200
1537963787400199
1537963787600199
1537963787800199
1537963788000199
1537963788200199
1537963788400199
1537963788600199
1537963788800199
1537963789000199
1537963789200199
1537963789400199
1537963789600199
1537963789800199
1537963790000199
1537963790200199
1537963790400199
1537963790600199
1537963790800199
1537963791000199
1537963791200199
1537963791400199
1537963791600199
1537963791800199
1537963792000198
1537963792200198
1537963792400198
1537963792600198
1537963792800198
1537963793000198
1537963793200198
1537963793400198
1537963793600198
1537963793800198
1537963794000198
1537963794200198
1537963794400198
1537963794600198
1537963794800198
1537963795000198
1537963795200198
1537963795400198
1537963795600198
1537963795800198
1537963796000198
1537963796200198
1537963796400197
1537963796600197
1537963796800197
1537963797000197
1537963797200197
1537963797400197
1537963797600197
1537963797800197
1537963798000197
1537963798200197
1537963798400197
1537963798600197
1537963798800197
1537963799000197
1537963799200197
1537963799400197
1537963799600197
1537963799800197
1537963800000197
1537963800200197
1537963800400197
1537963800600197
1537963800800197
1537963801000196
1537963801200196
1537963801400196
1537963801600196
1537963801800196
1537963802000196
1537963802200196
1537963802400196
1537963802600196
1537963802800196
1537963803000196
1537963803200196
1537963803400196
1537963803600196
1537963803800196
1537963804000196
1537963804200196
1537963804400196
1537963804600196
1537963804800196
1537963805000196
1537963805200196
1537963805400195
1537963805600195
1537963805800195
1537963806000195
1537963806200195
1537963806400195
1537963806600195
1537963806800195
1537963807000195
1537963807200195
1537963807400195
1537963807600195
1537963807800195
1537963808000195
1537963808200195
1537963808400195
1537963808600195
1537963808800195
1537963809000195
1537963809200195
1537963809400195
1537963809600195
1537963809800194
1537963810000194
1537963810200194
1537963810400194
1537963810600194
1537963810800194
1537963811000194
1537963811200194
1537963811400194
1537963811600194
1537963811800194
1537963812000194
1537963812200194
1537963812400194
1537963812600194
1537963812800194
1537963813000194
1537963813200194
1537963813400194
1537963813600194
1537963813800194
1537963814000194
1537963814200193
1537963814400193
1537963814600193
1537963814800193
1537963815000193
1537963815200193
1537963815400193
1537963815600193
1537963815800193
1537963816000193
1537963816200193
1537963816400193
1537963816600193
1537963816800193
1537963817000193
1537963817200193
1537963817400193
1537963817600193
1537963817800193
1537963818000193
1537963818200193
1537963818400193
1537963818600193
1537963818800192
1537963819000192
1537963819200192
1537963819400192
1537963819600192
1537963819800192
1537963820000192
1537963820200192
1537963820400192
1537963820600192
1537963820800192
1537963821000192
1537963821200192
1537963821400192
1537963821600192
1537963821800192
1537963822000192
1537963822200192
1537963822400192
1537963822600192
1537963822800192
1537963823000192
1537963823200191
1537963823400191
1537963823600191
1537963823800191
1537963824000191
1537963824200191
1537963824400191
1537963825000191
1537963825600191
1537963825800191
1537963826000191
1537963826200191
1537963826400191
1537963826600191
1537963826800191
1537963827000191
1537963827200191
1537963827400191
1537963827600190
1537963827800190
1537963828000190
1537963828200190
1537963828400190
1537963828600190
1537963828800190
1537963829000190
1537963829200190
1537963829400190
1537963829600190
1537963829800190
1537963830000190
1537963830200190
1537963830400190
1537963830600190
1537963830800190
1537963831000190
1537963831200190
1537963831400190
1537963831600190
1537963831800190
1537963832000190
1537963832200189
1537963832400189
1537963832600189
1537963832800189
1537963833000189
1537963833200189
1537963833400189
1537963833600189
1537963833800189
1537963834000189
1537963834200189
1537963834400189
1537963834600189
1537963834800189
1537963835000189
1537963835200189
1537963835400189
1537963835600189
1537963835800189
1537963836000189
1537963836200189
1537963836400189
1537963836600188
1537963836800188
1537963837000188
1537963837200188
1537963837400188
1537963837600188
1537963837800188
1537963838000188
1537963838200188
1537963838400188
1537963838600188
1537963838800188
1537963839000188
1537963839200188
1537963839400188
1537963839600188
1537963839800188
1537963840000188
1537963840200188
1537963840400188
1537963840600188
1537963840800188
1537963841000187
1537963841200187
1537963841400187
1537963841600187
1537963841800187
1537963842000187
1537963842200187
1537963842400187
1537963842600187
1537963842800187
1537963843000187
1537963843200187
1537963843400187
1537963843600187
1537963843800187
1537963844000187
1537963844200187
1537963844400187
1537963844600187
1537963844800187
1537963845000187
1537963845200187
1537963845400186
1537963845600186
1537963845800186
1537963846000186
1537963846200186
1537963846400186
1537963846600186
1537963846800186
1537963847000186
1537963847200186
1537963847400186
1537963847600186
1537963847800186
1537963848000186
1537963848200186
1537963848400186
1537963848600186
1537963848800186
1537963849000186
1537963849200186
1537963849400186
1537963849600186
1537963849800185
1537963850000185
1537963850200185
1537963850400185
1537963850600185
1537963850800185
1537963851000185
1537963851200185
1537963851400185
1537963851600185
1537963851800185
1537963852000185
1537963852200185
1537963852400185
1537963852600185
1537963852800185
1537963853000185
1537963853200185
1537963853400185
1537963853600185
1537963853800185
1537963854000185
1537963854200185
1537963854400184
1537963854600184
1537963854800184
1537963855000184
1537963855200184
1537963855400184
1537963855600184
1537963855800184
1537963856000184
1537963856200184
1537963856400184
1537963856600184
1537963856800184
1537963857000184
1537963857200184
1537963857400184
1537963857600184
1537963857800184
1537963858000184
1537963858200184
1537963858400184
1537963858600184
1537963858800183
1537963859000183
1537963859200183
1537963859400183
1537963859600183
1537963859800183
1537963860000183
1537963860200183
1537963860400183
1537963860600183
1537963860800183
1537963861000183
1537963861200183
1537963861400183
1537963861600183
1537963861800183
1537963862000183
1537963862200183
1537963862400183
1537963862600183
1537963862800183
1537963863000183
1537963863200182
1537963863400182
1537963863600182
1537963863800182
1537963864000182
1537963864200182
1537963864400182
1537963864600182
1537963864800182
1537963865000182
1537963865200182
1537963865400182
1537963865600182
1537963865800182
1537963866000182
1537963866200182
